id,address,
1,"523 E BROADWAY, SOUTH BOSTON, MA 02127",
2,"569 BROADWAY, NEWARK, NJ 07104",
3,"3210 SOUTHWESTERN BLVD, ORCHARD PARK, NY 14127",
4,"431 CAMPGROUND RD, LIVERMORE FLS, ME 04254",
4,"431 CAMPGROUND RD, LIVERMORE FLS, ME 04254",
5,"105 HARRIS AVE, PORTLAND, ME 04103",
6,"156 HIGH ST, PORTLAND, ME 04101",
7,"267 OCEAN AVE, PORTLAND, ME 04103",
8,"360 CANCO RD, PORTLAND, ME 04103",
8,"360 CANCO RD, PORTLAND, ME 04103",
9,"307 CONGRESS ST, PORTLAND, ME 04101",
10,"159 STATE ST, PORTLAND, ME 04101",
11,"74 HIGH ST, CARIBOU, ME 04736",
12,"400 DEERING AVE, PORTLAND, ME 04103",
13,"144 YORK ST, BANGOR, ME 04401",
14,"56 CENTER ST, BANGOR, ME 04401",
15,"21 CALAIS AVE, CALAIS, ME 04619",
16,"12 NEWHALL ST, FAIRFIELD, ME 04937",
17,"145 YORK ST, BANGOR, ME 04401",
18,"61 PLEASANT ST, WATERVILLE, ME 04901",
18,"61 PLEASANT ST, WATERVILLE, ME 04901",
19,"54 RIVER RD, WINDHAM, ME 04062",
20,"471 DEERING AVE, PORTLAND, ME 04103",
21,"10 3RD ST, PRESQUE ISLE, ME 04769",
26,"48 CAPITOL HILL RD, NEW SWEDEN, ME 04762",
50,"1571 WASHINGTON AVE, PORTLAND, ME 04103",
70,"27 PERKINS VALLEY RD, BRYANT POND, ME 04219",
131,"201 MERCER RD, NORRIDGEWOCK, ME 04957",
144,"OF GREATER PORTLAND 66 GORHAM ROAD, SCARBOROUGH, ME 04074",
167,"488 MAIN ST, ROCKLAND, ME 04841",
179,"90 MAIN ST STE 309, HACKENSACK, NJ 07601",
218,"9 CLEAVELAND ST, BRUNSWICK, ME 04011",
290,"893 MAIN ST, SANFORD, ME 04073",
310,"53 WEST ST, FAIRFIELD, ME 04937",
340,"63 GREEN ST, CONCORD, NH 03301",
363,"65 WEST ST, MILFORD, NH 03055",
370,"200 CHASE DR, PORTSMOUTH, NH 03801",
404,"919 US RT 3, HOLDERNES, NH 03245",
410,"137 MAIN ST, NEWMARKET, NH 03857",
480,"125 COBBLE HILL RD, SWANZEY, NH 03446",
494,"503 MAIN DUNSTABLE RD, NASHUA, NH 03062",
507,"20 CUSHING AVE, NASHUA, NH 03064",
522,"51 CLIFTON AVE APT C1712, NEWARK, NJ 07104",
570,"40 WEEKS RD, GARDINER, ME 04345",
596,"12 CLINTON AVE APT 1, JERSEY CITY, NJ 07304",
627,"6 BRANCH LONDONDERRY TPKE E, BOW, NH 03304",
640,"35 ORANGE ST, FARMINGTON, NH 03835",
648,"193 MAIN ST, BRATTLEBORO, VT 05301",
653,"190 MAIN ST, BRATTLEBORO, VT 05301",
654,"1 ROCK POINT RD, BURLINGTON, VT 05408",
658,"40 WASHINGTON ST, BARRE, VT 05641",
667,"1167 PLEASANT STREET, SHELDON, VT 05483",
672,"51 ALDERBROOK RD, NEWPORT, VT 05855",
682,"39 WEST CHURCH STREET, HARDWICK, VT 05843",
686,"33 SCHOOL ST, RICHFORD, VT 05476",
694,"36 OLD STAGE RD, ESSEX JCT, VT 05452",
698,"46 WARNER RD, BARRE, VT 05641",
709,"7 BROADWAY ST, SWANTON, VT 05488",
720,"1063 PRIM RD, COLCHESTER, VT 05446",
735,"95 ALLEN RD, S BURLINGTON, VT 05403",
788,"803 PARK AVE, LAKEWOOD, NJ 08701",
857,"7 EAST WELLS ROAD, WELLS, VT 05774",
975,"140 BOWDOIN ST, BOSTON, MA 02108",
1012,"1367 MAIN ST, BROCKTON, MA 02301",
1161,"211 COLUMBIA ST, CAMBRIDGE, MA 02139",
1183,"1 SUMMER ST, NANTUCKET, MA 02554",
1197,"50 HALL ST, SPRINGFIELD, MA 01108",
1240,"58 OAK ST, READING, MA 01867",
1302,"108 MAIN ST, CHARLEMONT, MA 01339",
1370,"25 WEBSTER ST, EVERETT, MA 02149",
1419,"34 NISSON ST, BROCKTON, MA 02301",
1490,"12 CORNIAN RD, BOSTON, MA 02126",
1535,"65 WELLINGTON ST, SPRINGFIELD, MA 01109",
1573,"149 ROXBURY ST, BOSTON, MA 02119",
1594,"234 SARATOGA ST APT 1, E BOSTON, MA 02128",
1629,"870 CUMMINS HWY, MATTAPAN, MA 02126",
1632,"966 SEA ST, QUINCY, MA 02169",
1743,"699 MAIN ST, WALTHAM, MA 02451",
1812,"10 MILK ST STE 230, BOSTON, MA 02108",
1874,"112 GLENWOOD CT, UNION, NJ 07083",
1905,"110 CAMPBROOK RD, BETHEL, VT 05032",
2004,"18 SPEAR ST, QUINCY, MA 02169",
2013,"300 WESTMINSTER ST, PROVIDENCE, RI 02903",
2014,"300 WEYBOSSET ST, PROVIDENCE, RI 02903",
2020,"55 VAUCLUSE AVE, MIDDLETOWN, RI 02842",
2029,"50 ORCHARD AVE, PROVIDENCE, RI 02906",
2036,"1 CATHEDRAL SQ, PROVIDENCE, RI 02903",
2047,"141 STATE ST, BRISTOL, RI 02809",
2052,"1665 BROAD ST, CRANSTON, RI 02905",
2068,"165 NEW MEADOW RD, BARRINGTON, RI 02806",
2072,"2119 HARTFORD AVE, JOHNSTON, RI 02919",
2083,"45 KERNICK ST, WARWICK, RI 02886",
2086,"100 FARNUM PIKE, SMITHFIELD, RI 02917",
2108,"31 CAPWELL AVE, COVENTRY, RI 02816",
2116,"15 E BEACH RD, CHARLESTOWN, RI 02813",
2124,"860 N QUIDNESSETT RD, N KINGSTOWN, RI 02852",
2129,"88 LIMEROCK RD, SMITHFIELD, RI 02917",
2130,"262 BLACKSTONE BLVD, PROVIDENCE, RI 02906",
2159,"7 ACORN DR, KINGSTON, NH 03848",
2196,"19 TAYLORS RUN, TINTON FALLS, NJ 07712",
2219,"484 FAIRVIEW AVE, COVENTRY, RI 02816",
2229,"72 CENTRAL ST, NARRAGANSETT, RI 02882",
2255,"125 SHERMAN ST, HARTFORD, CT 06105",
2265,"203 EAST AVE, NORWALK, CT 06855",
2284,"70 CROSS RD, WATERFORD, CT 06385",
2297,"355 FOXON RD, EAST HAVEN, CT 06513",
2438,"5200 PARK AUENUE, BRIDGEPORT, CT 06604",
2543,"1445 WEST ST, SOUTHINGTON, CT 06489",
2553,"241 COURTLAND AVE, STAMFORD, CT 06906",
2571,"971 CLINTON AVE, IRVINGTON, NJ 07111",
2616,"245 SELLECK ST, STAMFORD, CT 06902",
2624,"284 GRAND AVE, NEW HAVEN, CT 06513",
2709,"54 CHURCH ST, WINDSOR LOCKS, CT 06096",
2743,"150 FAIRFIELD AVE, STAMFORD, CT 06902",
2749,"115 LITTLE DEER RD, BRIDGEPORT, CT 06606",
2765,"10 OUTLOOK ST, STAMFORD, CT 06902",
2873,"444 MAIN ST N, SOUTHBURY, CT 06488",
2896,"67 WHITE OAK LN, WOLCOTT, CT 06716",
2908,"4 RIVERSIDE AVE, RIVERSIDE, CT 06878",
2926,"22 PHEASANT RD, WEST HAVEN, CT 06516",
2948,"19905 104TH AVE, JAMAICA, NY 11412",
2991,"275 WILLIS AVE, ROSLYN HTS, NY 11577",
2995,"36 CENTER ST BOX 210, WOLFEBORO, NH 03894",
3253,"307 N DOGWOOD ST, WITTEN, SD 57584",
3265,"502 FAIRWAY DR, CASSELTON, ND 58012",
3289,"1009 E 6TH AVE, MITCHELL, SD 57301",
3355,"1936 HARTLEY ST, LINCOLN, NE 68521",
3362,"2823 MATTHEWSON ST, WALTHILL, NE 68067",
3376,"300 N 18TH ST, NORFOLK, NE 68701",
3396,"3932 S WESTERN AVE, SIOUX FALLS, SD 57105",
3439,"307 PINE ST, SUMMIT, SD 57266",
3524,"1524 S SUMMIT AVE, SIOUX FALLS, SD 57105",
3545,"9385 BIA ROUTE 12, MANDAREE, ND 58757",
3610,"242 10TH ST W, DICKINSON, ND 58601",
3614,"1140 S 12TH ST, BISMARCK, ND 58504",
3624,"301 BRIDGE AVE, HANNAFORD, ND 58448",
3635,"137 4TH ST SE, HALLIDAY, ND 58636",
3660,"2612 25TH ST S, FARGO, ND 58103",
3675,"9884 25TH ST NW, NEWTOWN, ND 58763",
3677,"730 27TH ST N, FARGO, ND 58102",
3681,"121 C AVE N, MINNEWAUKAN, ND 58351",
3755,"907 GLENWOOD DR, OAKES, ND 58474",
3769,"427 MAIN ST, WARWICK, ND 58381",
3856,"12 BALTIMORE ST, LEAD, SD 57754",
3891,"516 W 14TH AVE, MITCHELL, SD 57301",
3901,"106 CHURCH ST, ALCESTER, SD 57001",
3918,"321 7TH AVE E, SISSETON, SD 57262",
3936,"2200 S WESTERN AVE, SIOUX FALLS, SD 57105",
4012,"24 ODDIN AVE, NEW EFFINGTON, SD 57255",
4058,"1202 N MAPLE AVE, RAPID CITY, SD 57701",
4091,"304 N BARTLETT ST, CANTON, SD 57013",
4127,"601 E 1ST ST, VOLGA, SD 57071",
4175,"1222 KOENIGSTEIN AVE, NORFOLK, NE 68701",
4221,"46532 105TH ST, NEW EFFINGTON, SD 57255",
4229,"404 6TH ST, TIMBER LAKE, SD 57656",
4263,"45697 101ST ST, CLAIRE CITY, SD 57224",
4280,"4200 N 204TH ST, ELKHORN, NE 68022",
4351,"2175 15TH RD, PENDER, NE 68047",
4403,"1257 M AVE, PENDER, NE 68047",
4449,"4301 WILDERNESS HILLS BLVD, LINCOLN, NE 68516",
4527,"215 ELM ST, ARTHUR, NE 69121",
4551,"1011 W 6TH ST, GRAND ISLAND, NE 68801",
4573,"502 GRAND AVE, RAVENNA, NE 68869",
4618,"309 MAPLE ST, ROSALIE, NE 68055",
4629,"202 W 8TH ST, NORTH PLATTE, NE 69101",
4839,"516 PRODUCTION ST, ABERDEEN, SD 57401",
4936,"55203 854TH RD, PIERCE, NE 68767",
4972,"111 3RD ST, HARRISON, SD 57344",
4975,"115 CHANKU WASTE RD, PORCUPINE, SD 57772",
5171,"9875 N HIGH MEADOW TRL, TUCSON, AZ 85742",
5181,"85 ZOO TRL, COLUMBIA FLS, MT 59912",
5220,"324 E VENENO ST, DULCE, NM 87528",
5260,"301 INDIAN ST, WOLF POINT, MT 59201",
5263,"617 PRESTON SST, MISSOULA, MT 59804",
5278,"943 EMORY CIR, COLORADO SPGS, CO 80915",
5313,"3335 E CHICKADEE RD, GILBERT, AZ 85297",
5340,"18790 BRYANT RD, LAKE OSWEGO, OR 97034",
5485,"27 MILES SE OF KAYENTA, KAYENTA, AZ 86033",
5505,"905 E 230 N, SANTAQUIN, UT 84655",
5506,"308 LOPEZ ST, ANTHONY, NM 88021",
5525,"4690 LONGLEY LN STE 1, RENO, NV 89502",
5685,"2101 WHITEWOOD DR, FORT COLLINS, CO 80528",
5715,"7090 RIVERVIEW RD, RIVERTON, WY 82501",
5733,"36332 MUD CREEK LN, RONAN, MT 59864",
5750,"1317 E PINE ST, SILVER CITY, NM 88061",
5815,"1242 TRIUMPH, POST FALLS, ID 83854",
5927,"2438 MOUNTAIN RD, NORTH OGDEN, UT 84414",
5949,"2320 WARREN ST, EUGENE, OR 97405",
5986,"1945 BURCH STREET, MEDFORD, OR 97501",
6103,"1850 N 44TH ST, PHOENIX, AZ 85008",
6175,"1800 W CHARLESTON BLVD, LAS VEGAS, NV 89102",
6317,"51846 HILLSIDE RD, RONAN, MT 59824",
6355,"907 GLADE CT, CODY, WY 82414",
6372,"9300 W DARTMOUTH PL, LAKEWOOD, CO 80227",
6530,"4141 W CAMINO DEL NORTE, TUCSON, AZ 85742",
6624,"3200 RUFINA ST, SANTA FE, NM 87507",
6627,"6367 S JAMAICA CT, ENGLEWOOD, CO 80111",
6662,"1429 DEEP CREEK RD, POTLATCH, ID 83855",
6782,"215 31ST ST, BOULDER, CO 80305",
7023,"5650 VISTA BLVD, SPARKS, NV 89436",
7135,"27 CRAFTSMAN RD, SANTA FE, NM 87508",
7249,"4077 S 2820 W, W VALLEY CITY, UT 84119",
7292,"621 PEARL ST, KEMMERER, WY 83101",
7321,"201 N CHURCH ST, SALMON, ID 83467",
7387,"12511 HARTFORD AVE, OROFINO, ID 83544",
7394,"34975 N NORTH VALLEY PKWY STE 152, PHOENIX, AZ 85086",
7459,"1117 F ST, LAS VEGAS, NV 89106",
7505,"10444 RAYNER DR NW, ALBUQUERQUE, NM 87114",
7578,"134 CAMINO CAPRI, HENDERSON, NV 89012",
7661,"1190 DENVER AVE, FORT LUPTON, CO 80621",
7814,"1810 E CEDAR ST, RAWLINS, WY 82301",
7823,"3208 RICHARDS LN STE B, SANTA FE, NM 87507",
7889,"1325 W 4TH AVE, EUGENE, OR 97402",
7928,"358 SE SENA CT, BEND, OR 97702",
7963,"8273 E DAVIES AVE, CENTENNIAL, CO 80112",
8103,"419 E PARK AVE, RIVERTON, WY 82501",
8133,"230 WEST 200 SOUTH, SALT LAKE CITY, UT 84101",
8152,"23389 SUMMIT GRADE, LENORE, ID 83541",
8286,"1698 BUCKSKIN DR, ELKO, NV 89801",
8354,"5055 JEFFREYS ST, LAS VEGAS, NV 89119",
8423,"2013 WHITE FALLS ST, LAS VEGAS, NV 89128",
8437,"2113 IDAHO AVE, CALDWELL, ID 83605",
8505,"401 MAY ST, IDAHO FALLS, ID 83401",
8539,"14537 W GRAND AVE STE 140 # 56, SURPRISE, AZ 85374",
8547,"4465 TERRELL LN, COLORADO SPGS, CO 80908",
8576,"10902B HIGHWAY 4, JEMEZ PUEBLO, NM 87024",
8876,"2525 N DECATUR BLVD STE 8, LAS VEGAS, NV 89108",
9033,"2452 W LOUCKS ST, SHERIDAN, WY 82801",
9038,"305 MILL CREEK RD, LIVINGSTON, MT 59047",
9223,"999 ALPINE AVE, BOULDER, CO 80304",
9290,"113 EDGAR ST, WOLF POINT, MT 59201",
9319,"3733 N WILLIAMS AVE, PORTLAND, OR 97227",
9373,"407 ADAMS ST SW, RONAN, MT 59864",
9567,"499 MISSION TAYLOR RD, BOX ELDER, MT 59521",
9617,"344 WALLSTREET RD, FRAZER, MT 59225",
9622,"2037 NASHUA RD N, NASHUA, MT 59248",
9683,"2512 SUNSET LN, MISSOULA, MT 59804",
9702,"511 1ST AVE SE, RONAN, MT 59864",
9711,"1685 MC MANNAMY DRAW, KALISPELL, MT 59901",
9724,"1919 NORTH AVE W, MISSOULA, MT 59801",
9747,"1727 WAUKESHA AVE, HELENA, MT 59601",
9762,"101 E MAIN ST, LAUREL, MT 59044",
9781,"46758 OLD HWY 93, RONAN, MT 59864",
9812,"3643 W GLENDALE AVE, PHOENIX, AZ 85051",
9863,"10387 MOUNT EVANS DR, PEYTON, CO 80831",
10057,"805 ALDERSON AVE, BILLINGS, MT 59101",
10074,"2300 FLORENCE AVE, BUTTE, MT 59701",
10129,"12000 W FAIRVIEW AVE, BOISE, ID 83713",
10179,"14233 HIGHWAY 12, OROFINO, ID 83544",
10222,"502 2ND ST, IDAHO FALLS, ID 83401",
10225,"1989 WOODLAND ROAD, KAMIAH, ID 83536",
10250,"405 S 23RD ST, ST MARIES, ID 83861",
10253,"12271 HARTFORD AVE, OROFINO, ID 83544",
10380,"11655 W MCMILLAN RD, BOISE, ID 83713",
10404,"633 2ND AVE S, PAYETTE, ID 83661",
10425,"4381 S COCHEES WAY, BOISE, ID 83709",
10455,"625 PRAIRIE RD, RIVERTON, WY 82501",
10466,"220 MONTOYA ST, TAOS, NM 87571",
10619,"12706 SE MEADEHILL AVE, HAPPY VALLEY, OR 97086",
10647,"1400 N COLE RD, BOISE, ID 83704",
10703,"235 S CUSTER ST, SHERIDAN, WY 82801",
10709,"3030 S POPLAR ST, CASPER, WY 82601",
10715,"118 W 5TH ST, SHERIDAN, WY 82801",
10721,"4440 RIVERVIEW RD, RIVERTON, WY 82501",
10732,"570 MARION ST, SHERIDAN, WY 82801",
10740,"635 S 2ND ST W, RIVERTON, WY 82501",
10751,"725 19TH ST, CODY, WY 82414",
10757,"113 E ADAMS AVE, RIVERTON, WY 82501",
10758,"3502 FRONTIER ST, CHEYENNE, WY 82001",
10781,"3524 MYERS CT, CHEYENNE, WY 82001",
10787,"1399 AVOCA PL APT 7, SHERIDAN, WY 82801",
10799,"11852 HORSESHOE LN, PARKER, CO 80138",
10845,"2725 MONK CT NW, ALBUQUERQUE, NM 87107",
10849,"1240 S MISSOURI AVE, CASPER, WY 82609",
10868,"3200 E SPAULDING AVE, PUEBLO, CO 81008",
10993,"1807 S 11TH ST, LAMAR, CO 81052",
11073,"1400 HIGHWAY 172, DURANGO, CO 81303",
11075,"1007 BLAKE AVE, GLENWOOD SPGS, CO 81601",
11126,"2111 COUNTY ROAD 222, DURANGO, CO 81303",
11264,"53 COUNTY ROAD 112, HESPERUS, CO 81326",
11348,"5705 W LOUISIANA AVE, LAKEWOOD, CO 80232",
11484,"802 BONFOY AVE, COLORADO SPGS, CO 80909",
11788,"41 HOME RANCH CIR, SHERIDAN, WY 82801",
11974,"8891 POZE BLVD, THORNTON, CO 80229",
12106,"6955 E CUERNAVACO WAY, GOLD CANYON, AZ 85118",
12107,"12300 W GINGER CREEK DR, BOISE, ID 83713",
12266,"3 SAND HILL DR, DULCE, NM 87528",
12339,"205 DON FERNANDO ST, TAOS, NM 87571",
12390,"1600 SICHLER RD SW, LOS LUNAS, NM 87031",
12397,"6410 NDCBU, TAOS, NM 87571",
12437,"220 PASEO DEL PUEBLO N, TAOS, NM 87571",
12442,"416 GERONIMO LN, TAOS, NM 87571",
12443,"123 OSUNA RD NW, ALBUQUERQUE, NM 87107",
12464,"335 HILLANDALE AVE, BELEN, NM 87002",
12484,"4504 SKYLINE CT NE, ALBUQUERQUE, NM 87111",
12486,"1250 N VIRGINIA ST, LAS CRUCES, NM 88001",
12504,"810 DILLON LN, TAOS, NM 87571",
12555,"143 MADISON ST NE # 145, ALBUQUERQUE, NM 87108",
12593,"2481 LEGACY CT, SANTA FE, NM 87507",
12756,"800 S MOHAVE AVE, PARKER, AZ 85344",
12811,"1105 S OCOTILLO AVE, PARKER, AZ 85344",
12819,"13 MILES W OF RED LAKE STORE, TONALEA, AZ 86044",
12821,"31 CREST RD, MICHAEL, AZ 86511",
12890,"10935 W OLIVE AVE, PEORIA, AZ 85345",
12902,"1 MISSION RD, POLACCA, AZ 86042",
13028,"800 S KOFA AVE, PARKER, AZ 85344",
13034,"3849 W ENCANTO BLVD, PHOENIX, AZ 85009",
13143,"2400 W SOUTHERN AVE STE 102, TEMPE, AZ 85282",
13357,"1602 E GLENN ST, TUCSON, AZ 85719",
13538,"5216 KELL LN, LAS VEGAS, NV 89156",
13745,"6926 W TONTO DR, GLENDALE, AZ 85308",
13894,"619 N 5750 E, ROOSEVELT, UT 84066",
13902,"870 E 200 N SUITE 112-11, ROOSEVELT, UT 84066",
13913,"1760 S FREMONT DR, SALT LAKE CTY, UT 84104",
13930,"4040 W 5085 S, KEARNS, UT 84118",
13944,"226 W MAIN ST, VERNAL, UT 84078",
13959,"4897 S REDWOOD RD, SALT LAKE CTY, UT 84123",
13976,"850 MONTAGUE AVE, SALT LAKE CTY, UT 84104",
14014,"309 E 100 S, SALT LAKE CTY, UT 84111",
14033,"907 CALLE JOSE DE LA CRUZ, ESPANOLA, NM 87532",
14057,"973 E SOUTH TEMPLE, SALT LAKE CTY, UT 84102",
14093,"2152 EAGLE STICKS DR, HENDERSON, NV 89012",
14105,"3050 BOBBY DR, RENO, NV 89502",
14157,"2810 W CHARLESTON BLVD G-7, LAS VEGAS, NV 89102",
14173,"1717 FERRELL ST, LAS VEGAS, NV 89106",
14277,"2756 N GREEN VALLEY PKWY STE 195, HENDERSON, NV 89014",
14360,"3335 LEWIS RD, RIVERTON, WY 82501",
14510,"5268 SINGER RD, LAS CRUCES, NM 88007",
14564,"0245 SW BANCROFT ST STE G, PORTLAND, OR 97239",
14568,"19394 MOLALLA AVE, OREGON CITY, OR 97045",
14575,"1230 LIBERTY ST SE, SALEM, OR 97302",
15072,"7520 NW SODA SPRINGS RD, GALES CREEK, OR 97117",
15336,"2010 SE MORGAN RD, HILLSBORO, OR 97123",
15375,"24702 SW GRAND RONDE RD, GRAND RONDE, OR 97347",
15504,"6536 SE DUKE ST, PORTLAND, OR 97206",
15545,"395 W CENTENNIAL BLVD, SPRINGFIELD, OR 97477",
15719,"1911 W HIGHLAND ST, CHANDLER, AZ 85224",
15836,"1115 28TH AVE SW, ALBANY, OR 97321",
15907,"2115 MEPPEN DR, IDAHO FALLS, ID 83401",
15928,"3322 DENT BRIDGE RD, OROFINO, ID 83544",
15930,"5537 S MIDVALE AVE, TUCSON, AZ 85746",
15985,"2109 THOMPSON RD, HOMEDALE, ID 83628",
16007,"1906 COLLEGE HEIGHTS BLVD, BOWLING GREEN, KY 42101",
16061,"1609 WEST 26TH STREET, PINE BLUFF, AR 71601",
16071,"4884 E PICKARD ST, MT. PLEASANT, MI 48858",
16094,"4200 CONGRESS AVE, LAKE WORTH, FL 33461",
16160,"98 DAVENPORT STREET SUITE 10, GOOSE CREEK, SC 29445",
16162,"3695 S REDWOOD RD, WEST VALLEY CITY, UT 84119",
16233,"9299 HWY 24, FORT YATES, ND 58538",
16296,"800 ALGOMA BLVD, OSHKOSH, WI 54901",
16303,"3201 BURTON STREET SE, GRAND RAPIDS, MI 49546",
16309,"250 NEW RUTHERFORD AVE, BOSTON, MA 02129",
16317,"2363 LAKEWOOD RD, TOMS RIVER, NJ 08755",
16370,"1000 IOWA STREET, BEEBE, AR 72012",
16386,"120 CAREER CENTER LANE, TOWANDA, PA 18848",
16452,"340 WASHINGTON ST, NEWBERN, TN 38059",
16485,"500 W UNIVERSITY, SHAWNEE, OK 74804",
16541,"501 SUMMIT, YANKTON, SD 57078",
16594,"1100 BROADWAY, KILGORE, TX 75662",
16612,"12788 FOUNTAIN LAKE CIRCLE, STAFFORD, TX 77477",
16659,"601 50TH ST, CHARLESTON, WV 25304",
16759,"25 BROADWAY, 3RD FL, NEW YORK, NY 10004",
16790,"10145 BIA #7, BELCOURT, ND 58316",
16875,"605 INDIAN STREET, POPLAR, MT 59255",
16879,"1111 HWY 75, MACY, NE 68039",
16916,"2250 COLLEGE ROAD, MAHNOMEN, MN 56557",
16923,"245 SOUTH EXECUTIVE DRIVE, SUITE 110, BROOKFIELD, WI 53005",
16959,"3315 UNIVERSITY DRIVE, BISMARCK, ND 58504",
16982,"35005 MICHIGAN AVENUE, WAYNE, MI 48184",
16987,"9833 WATSON ROAD, ST. LOUIS, MO 63126",
16989,"533 COLLEGE RD, SELDEN, NY 11784",
17005,"232 NORTH ALLEN ST, ALBANY, NY 12206",
17007,"2766 JANITELL ROAD, COLORADO SPRINGS, CO 80906",
17024,"640 BAY RD, QUEENSBURY, NY 12804",
17028,"168 EAST PARKWAY SOUTH, MEMPHIS, TN 38104",
17045,"200 OLD COUNTRY ROAD, SUITE 500, MINEOLA, NY 11501",
17163,"2100 COLLEGE ST, NEWBERRY, SC 29108",
17185,"204 HENRY ST, ASHLAND, VA 23005",
17189,"1502 MARKET ST, WHEELING, WV 26003",
17304,"802 EAST PIKE STREET, SEATTLE, WA 98122",
17311,"8 ABBOTT PARK PL, PROVIDENCE, RI 02903",
17341,"2582 SOUTH RD, MARLBORO, VT 05344",
17414,"2660 PECK AVENUE, RIVERTON, WY 82501",
17415,"125 COLLEGE DRIVE, CASPER, WY 82601",
17434,"1300 S COUNTRY CLUB RD, EL RENO, OK 73036",
17479,"2201 SILVER LAKE RD, BARTLESVILLE, OK 74006",
17480,"17TH STREET AND GRAND AVENUE, CHICKASHA, OK 73018",
17486,"124 ADMIN DRIVE, RANDOLPH, VT 05061",
17491,"223 W MAIN ST, SALEM, WV 26426",
17493,"12777 N ROCKWELL AVE, OKLAHOMA CITY, OK 73142",
17521,"5655 SOUTH 27TH ST, MILWAUKEE, WI 53221",
17534,"1900 S HAZEL STREET, PINE BLUFF, AR 71603",
17634,"3000 EARL GOODWIN PARKWAY, SELMA, AL 36703",
17687,"1100 E LAGOON ST 124-5, ROOSEVELT, UT 84066",
17692,"1810 NORTH GREENE STREET, SPOKANE, WA 99217",
17696,"219 ROCK STREET, BLUEFIELD, WV 24701",
17752,"690 MISSOURI AVENUE , SUITE #3, SAINT ROBERT, MO 65584",
17773,"411 N CENTRAL AVE, PHOENIX, AZ 85004",
17781,"125 WINCHESTER DRIVE, SEDALIA, MO 65301",
17819,"1328 HOOKSETT RD, HOOKSETT, NH 03106",
17827,"4020 KIETZKE LANE, RENO, NV 89502",
17835,"1776 MAIN ST, SANTA MONICA, CA 90401",
17867,"4700 COCONUT CREEK PARKWAY, COCONUT CREEK, FL 33063",
17870,"1990 HEATH ST, WATERLOO, IA 50703",
18041,"1000 E HENRIETTA RD, ROCHESTER, NY 14623",
18050,"4601 MID RIVERS MALL DR, COTTLEVILLE, MO 63376",
18106,"15480 MIGIZI DRIVE, RED LAKE, MN 56671",
18134,"199 JOE PARKER ROAD, LAKEWOOD, NJ 08701",
18240,"2600 WEST HUDSON ROAD SUITE A, ROGERS, AR 72756",
18268,"2003 EAST PARKWAY DRIVE, RUSSELLVILLE, AR 72802",
18318,"214 1ST AVE, FORT TOTTEN, ND 58335",
18336,"2703 CAPITAL MALL DR SW, OLYMPIA, WA 98502",
18340,"9000 BROOKLYN BLVD, BROOKLYN PARK, MN 55445",
18376,"660 PARRINGTON OVAL, NORMAN, OK 73019",
18383,"1101 SHERMAN DR, UTICA, NY 13501",
18435,"1420 PULASKI HWY, NEWARK, DE 19702",
18489,"2443 WEST LUCAS STREET, FLORENCE, SC 29501",
18523,"66 GEORGE ST, CHARLESTON, SC 29424",
18596,"3301 W 18TH ST, EMPORIA, KS 66801",
18631,"5419 NORTH CAGE BOULEVARD, PHARR, TX 78577",
18643,"3250 SAINT MATTHEWS RD, ORANGEBURG, SC 29118",
18706,"1601 UNIVERSITY BLVD, HAMILTON, OH 45011",
18743,"13466 W TREPANIA RD, HAYWARD, WI 54843",
18747,"2201 TORONTO RD, SPRINGFIELD, IL 62712",
18781,"6425 NORMANDY LANE, MADISON, WI 53719",
18822,"5301 MOUNT RUSHMORE RD, RAPID CITY, SD 57701",
18845,"81 MARY STREET, CHARLESTON, SC 29403",
18867,"8011 UNIVERSITY AVENUE, SUITE A-2, LA MESA, CA 91942",
18925,"16 STERLING DRIVE, CRAFTSBURY COMMON, VT 05827",
19074,"2080 THREE RIVERS BLVD, POPLAR BLUFF, MO 63901",
19108,"1000 ASU DR STE 359, ALCORN STATE, MS 39096",
19120,"4100 RAYTOWN ROAD, KANSAS CITY, MO 64129",
19151,"27A SOUTH COMMONS ROAD, WATERBURY, CT 06704",
19204,"102 JACOBY DR SW, EPWORTH, IA 52045",
19236,"15 ESTABROOKE DRIVE, ORONO, ME 04469",
19245,"16300 OLD EMMITSBURG ROAD, EMMITSBURG, MD 21727",
19252,"201 W BROADWAY, MOUNT PLEASANT, MI 48858",
19254,"2274 ENTERPRISE DR, MOUNT PLEASANT, MI 48858",
19320,"901 EDEN RD, LANCASTER, PA 17601",
19328,"87 W 600 S, PAYSON, UT 84651",
19367,"302 E Main, Hampton, Arkansas 71744",
19368,"3878 North Crossover Road, Suite 20, Fayetteville, Arkansas 72703",
19426,"111 3rd Avenue South, Wolf Point, Montana 59201",
19509,"200 East Broadway, Mount Pleasant, Michigan 48858",
19517,"400 West Broadway, Steeleville, Illinois 62288",
19577,"816 South Garden Street, Columbia, Tennessee 38401",
19586,"508 Court Street, Harlan, Iowa 51537",
19587,"402 Merrill Street, Bussey, Iowa 50044",
19608,"8624 Old State Street, Holly Hill, South Carolina 29059",
19622,"312 Main Street, Wadley, Alabama 36276",
19653,"300 Front Street, Russell, Minnesota 56169",
19699,"235 East Choctaw Street, Mcalester, Oklahoma 74501",
19700,"201 East Cherokee Street, Wagoner, Oklahoma 74467",
19712,"19510 West Main Street, Huntingdon, Tennessee 38344",
19747,"136 West Main Street, Lebanon, Kentucky 40033",
19797,"206 Us Highway 271 N, Gilmer, Texas 75644",
19845,"322 East Capitol Street, Springfield, Illinois 62701",
19893,"331 Main Street Sw, Forman, North Dakota 58032",
19904,"1000 West Britton Avenue, Oklahoma City, Oklahoma 73114",
19911,"600 Gary Boulevard, Clinton, Oklahoma 73601",
19913,"106 S Broadway St, Coweta, Oklahoma 74429",
19949,"401 Elm Street, Yukon, Oklahoma 73099",
20008,"601 Main Street, Osawatomie, Kansas 66064",
20022,"101 C Street, Washington, Kansas 66968",
20056,"2630 West Superior Street, Duluth, Minnesota 55806",
20078,"115 Front Street, Beaver Dam, Wisconsin 53916",
20116,"3600 E Palm Valley Blvd, Round Rock, Texas 78681",
20138,"271 West Cherry Street, Piggott, Arkansas 72454",
20185,"202 North Main Street, Okeene, Oklahoma 73763",
20204,"3100 Woburn Street, Bellingham, Washington 98226",
20208,"400 North Main Street, Loyal, Wisconsin 54446",
20213,"30 Main Street, Middlebury, Vermont 05753",
20223,"112 West Main Street, Mc Arthur, Ohio 45651",
20233,"143 Main Street, Woodsfield, Ohio 43793",
20328,"109 West Pine Avenue, Wiggins, Mississippi 39577",
20329,"3570 South National, Springfield, Missouri 65807",
20356,"5420 Broad Street South, Trezevant, Tennessee 38258",
20388,"2583 Blue Grass Valley Road, Blue Grass, Virginia 24413",
20404,"910 Norman Eskridge Highway, Seaford, Delaware 19973",
20405,"312 Main Street, Preston, Maryland 21655",
20421,"217 Main Avenue East, Deer River, Minnesota 56636",
20422,"181 Main Street, West Concord, Minnesota 55985",
20428,"1100 West Main Street, Blue Springs, Missouri 64015",
20478,"2609 2nd Avenue, Muscatine, Iowa 52761",
20487,"175 Hopper Avenue, De Kalb, Mississippi 39328",
20492,"117 North Main, South West City, Missouri 64863",
20538,"119 North Main Street, Fayette, Missouri 65248",
20561,"6365 Highway 84, Patterson, Georgia 31557",
20580,"950 North Highway 95, Bayport, Minnesota 55003",
20613,"101 W Business County Road A, Dorchester, Wisconsin 54425",
20616,"401 Main Street, La Crosse, Wisconsin 54601",
20644,"516 Main Street, Ogema, Minnesota 56569",
20674,"803 MAIN ST, Timber Lake, South Dakota 57656",
20706,"20 CIRCLE DR, Republican City, Nebraska 68971",
20771,"448 S 13TH ST, Lyons, Nebraska 68038",
20797,"104 S MAIN ST, Drayton, North Dakota 58225",
20806,"331 MAIN ST SW, Forman, North Dakota 58032",
20832,"211 N BROADWAY AVE, Marion, South Dakota 57043",
20834,"401 MAPLE ST, Summit, South Dakota 57266",
20840,"105 CENTRAL AVENUE SOUTH, Leeds, North Dakota 58346",
20879,"25410 PARK AVE, Bloomfield, Nebraska 68718",
20997,"124 MAIN ST, Eagle Butte, South Dakota 57625",
21000,"213 MAIN ST, Lake Andes, South Dakota 57356",
21043,"1632 W MAIN ST, Bozeman, Montana 59715",
21059,"600 S 4TH ST, Eagle, Nebraska 68347",
21060,"2911 N 14TH ST STE 101, Bismarck, North Dakota 58503",
21162,"3773 HOWARD HUGHES PKWY STE 190N, Las Vegas, Nevada 89109",
21179,"2735 E PARLEYS WAY, Salt Lake City, Utah 84109",
21185,"2150 S 1300 E, Salt Lake City, Utah 84106",
21192,"200 MAIN ST, Timber Lake, South Dakota 57656",
21287,"4800 NORMAL BLVD, Lincoln, Nebraska 68506",
21310,"1801 S MINNESOTA AVE, Sioux Falls, South Dakota 57104",
21324,"114 MAIN ST, Herreid, South Dakota 57632",
21329,"280 W MAIN ST, Heppner, Oregon 97836",
21330,"100 CITY CENTER DRIVE, Heppner, Oregon 97836",
21356,"167 N 12TH ST, Cook, Nebraska 68329",
21375,"2501 UNIVERSITY DR S, Fargo, North Dakota 58103",
21419,"1800 CHANNING WAY, Idaho Falls, Idaho 83402",
21453,"8251 MT HIGHWAY 35, Kalispell, Montana 59901",
21454,"2199 HIGHWAY 2 EAST, Kalispell, Montana 59901",
21460,"5800 S WESTERN AVE, Beresford, South Dakota 57004",
21534,"12307 W CENTER RD, Omaha, Nebraska 68131",
21545,"791 MAIN ST, Mohall, North Dakota 58761",
21588,"3000 25TH ST S, Fargo, North Dakota 58103",
21672,"908 CHIEF LITTLE SHELL ST, Belcourt, North Dakota 58316",
21699,"49430 US 93, Ronan, Montana 59864",
21784,"250 N 14TH ST, Lincoln, Nebraska 68516",
21815,"837 31ST AVE E, Fargo, North Dakota 58102",
21922,"105 Clayton Town Road, Buchanan, TN 38222",
21923,"6997 Giles Hill Road, College Grove, TN 37046",
21993,"200 Emergency Road, Grandview, TN 37337",
22026,"4435 State Highway 69 South, Paris, TN 38242",
22096,"65 Parkway Circle, Ramer, TN 38367",
22140,"6969 US Highway 79, Buchanan, TN 38222",
22174,"245 Gassaway Main Street, Liberty, TN 37095",
22445,"1096 Bear Creek Road, Pinson, TN 38366",
22482,"2424 Bear Creek Pike, Columbia, TN 38401",
22506,"251 Knob Road, Rutledge, TN 37861",
22563,"6899 Morganton Road, Greenback, TN 37742",
22659,"5619 Griffith Road, Pikeville, TN 37367",
22764,"19 North East Street, Decaturville, TN 38329",
22865,"42 Palaside Drive Northeast, Concord, NC 28025",
22866,"400 South Cherry Street, Wilkesboro, NC 28697",
22915,"8 Cold Branch Road, Hayesville, NC 28904",
22976,"1528 Lyman Road, Chinquapin, NC 28521",
23055,"6698 Tusquittee Road, Hayesville, NC 28904",
23067,"611 Central Avenue, Butner, NC 27509",
23123,"2611 Hedgepeth Road, Halifax, NC 27839",
23136,"2418 Summerlins Crossroad Road, Mount Olive, NC 28365",
23166,"7205 Big Cove Road, Cherokee, NC 28719",
23239,"100 Johnson Street, Broadway, NC 27505",
23511,"2208 West Howard Avenue, Tarboro, NC 27886",
23549,"141 Cornsilk Branch Road, Robbinsville, NC 28771",
23628,"4037 Hedden Road, Murphy, NC 28906",
23645,"1685 Regan Road, Lexington, NC 27292",
23744,"2742 Peartree Road, Elizabeth City, NC 27909",
23746,"2764 West State Highway 150, Crouse, NC 28033",
24044,"5515 Shunpike Road, Lockport, NY 14094",
24082,"9925 Ligon Mill Road, Wake Forest, NC 27587",
24134,"125 South 3rd Street, Edmore, MI 48829",
24203,"8749 25th Street South, Scotts, MI 49088",
24277,"1024 East Grand Percha Road, Caballo, NM 87931",
24278,"4215 North Mission Road, Rosebush, MI 48878",
24334,"1745 Broadmoor Drive, Benton Harbor, MI 49022",
24354,"1117 South Walker Road, Muskegon, MI 49442",
24398,"3311 Thrasher Road, Whitecloud, KS 66094",
24414,"4283 Davidson Road, Hilliard, OH 43026",
24485,"9610 State Highway 95, Republic, MI 49879",
24495,"2734 State Highway 76, Penasco, NM 87553",
24496,"805 Lovato Road, Clayton, NM 88415",
24675,"13860 Walnut Street, Wapakoneta, OH 45895",
24677,"330 East Broad Street, Elyria, OH 44035",
24822,"766 Brittain Road, Akron, OH 44305",
24885,"2243 Blue Creek Road, Stout, OH 45684",
24960,"100 Hemlock Street, Baraga, MI 49908",
25009,"5006 Hoffman Street, Elkton, MI 48731",
25232,"13179 Mermill Road, Portage, OH 43451",
25521,"100 University Drive, Chillicothe, OH 45601",
25566,"19617 Harper Avenue, Harper Woods, MI 48225",
25585,"14247 Center Road, Traverse City, MI 49686",
25743,"8506 Fort Smallwood Road, Pasadena, MD 21122",
25764,"34237 Omar Road, Dagsboro, DE 19939",
25767,"402 Wheeling Avenue, Glen Dale, WV 26038",
25781,"1703 Commando Road, Charleston, WV 25311",
25789,"55 Guardian Drive, Diana, WV 26217",
25797,"375 West Northfield Road, Livingston, NJ 07039",
25805,"2507 1st Avenue, East Bank, WV 25067",
25812,"301 Dubois Street, Institute, WV 25112",
25824,"341 Pennsylvania Avenue, Colliers, WV 26035",
25918,"30 Roseland Avenue, Caldwell, NJ 07006",
25931,"320 Main Street, Granville, WV 26534",
25932,"205 1st Avenue, Matoaka, WV 24736",
25975,"4465 NARROW LANE ROAD, MONTGOMERY, AL 36116",
25991,"820 WEST WASHINGTON STREET, EUFAULA, AL 36027",
26029,"1200 WEST MOHAVE ROAD, PARKER, AZ 85344",
26038,"3601 S 6TH AVE, TUCSON, AZ 85713",
26121,"103 MEDICINE WAY ROAD, PERIDOT, AZ 85542",
26143,"624 HOSPITAL DRIVE, MOUNTAIN HOME, AR 72653",
26156,"1800 BYPASS ROAD, HEBER SPRINGS, AR 72543",
26187,"1309 WEST MAIN, WALNUT RIDGE, AR 72476",
26217,"7301 ROGERS AVENUE, FORT SMITH, AR 72903",
26411,"1411 E 31ST STREET, OAKLAND, CA 94602",
26446,"600 MARINE BLVD, MOSS BEACH, CA 94038",
26541,"455 SILICON VALLEY BOULEVARD, SAN JOSE, CA 95138",
26731,"5623 PULPIT PEAK VIEW, COLORADO SPRINGS, CO 80918",
26754,"263 FARMINGTON AVE, FARMINGTON, CT 06032",
26772,"250 EAST HAMPDEN RD, MIDDLETOWN, DE 19709",
26773,"1600 ROCKLAND RD, WILMINGTON, DE 19803",
26778,"21655 BIDEN AVE, GEORGETOWN, DE 19947",
26898,"10461 QUALITY DR, SPRING HILL, FL 34609",
26928,"5731 BEE RIDGE RD, SARASOTA, FL 34233",
26935,"5850 SE COMMUNITY DR, STUART, FL 34997",
27004,"206 2ND ST E, BRADENTON, FL 34208",
27060,"301 MEMORIAL MEDICAL PARKWAY, DAYTONA BEACH, FL 32117",
27189,"3620 HOWELL FERRY ROAD, DULUTH, GA 30096",
27248,"1355 INDEPENDENCE DRIVE, AUGUSTA, GA 30901",
27270,"888 SOUTH KING STREET, HONOLULU, HI 96813",
27286,"301 CEDAR ST, OROFINO, ID 83544",
27325,"701 WINTHROP AVE, GLENDALE HEIGHTS, IL 60139",
27374,"201 S 14TH STREET, HERRIN, IL 62948",
27413,"777 PARK AVENUE WEST, HIGHLAND PARK, IL 60035",
27429,"600 S 13TH STREET, PEKIN, IL 61554",
27476,"400 NORTH PLEASANT AVENUE, CENTRALIA, IL 62801",
27497,"317 MAIN STREET, EAGLE BUTTE, SD 57625",
27499,"425 7TH ST NW, CASS LAKE, MN 56633",
27507,"12033 AGENCY ROAD, PARKER, AZ 85344",
27510,"1ST MAIN STREET HOSPITAL ROAD, BELCOURT, ND 58316",
27511,"1 HOSPITAL ROAD, CHEROKEE, NC 28719",
27513,"760 HOSPITAL CIRCLE, BROWNING, MT 59417",
27544,"1402 E COUNTY LINE RD S, INDIANAPOLIS, IN 46227",
27548,"10215 BROADWAY AVENUE, CROWN POINT, IN 46307",
27551,"2520 E DUPONT RD, FORT WAYNE, IN 46825",
27561,"1701 S CREASY LN, LAFAYETTE, IN 47905",
27644,"2200 N SECTION ST, SULLIVAN, IN 47882",
27658,"826 NORTH EIGHTH STREET, ESTHERVILLE, IA 51334",
27665,"603 ROSARY DRIVE, CORNING, IA 50841",
27720,"901 DAVIDSON STREET NW, ELKADER, IA 52043",
27741,"504 NORTH CLEVELAND STREET, MOUNT AYR, IA 50854",
27751,"1518 MULBERRY AVENUE, MUSCATINE, IA 52761",
27753,"4500 UTICA RIDGE ROAD, BETTENDORF, IA 52722",
27778,"220 WEST SECOND STREET, GOODLAND, KS 67735",
27786,"619 SOUTH CLARK AVENUE, LYONS, KS 67554",
27792,"710 N WALNUT ST, MEDICINE LODGE, KS 67104",
27866,"6135 SW 17TH STREET, TOPEKA, KS 66615",
27871,"211 E EARL STREET, LEOTI, KS 67861",
27878,"2501 KENTUCKY AVENUE, PADUCAH, KY 42003",
27897,"1099 MEDICAL CENTER CIRCLE, MAYFIELD, KY 42066",
27926,"456 BURNLEY ROAD, SCOTTSVILLE, KY 42164",
27984,"200 SOMERSET STREET, MILLINOCKET, ME 04462",
28013,"5601 LOCH RAVEN BOULEVARD, BALTIMORE, MD 21239",
28148,"1721 S STEPHENSON AVE, IRON MOUNTAIN, MI 49801",
28159,"1221 SOUTH DRIVE, MOUNT PLEASANT, MI 48858",
28165,"718 N MACOMB ST, MONROE, MI 48162",
28317,"502 EAST 2ND STREET, DULUTH, MN 55805",
28349,"414 WEST JEFFERSON AVENUE, MAHNOMEN, MN 56557",
28352,"32021 COUNTY 24 BOULEVARD, CANNON FALLS, MN 55009",
28353,"1025 MARSH STREET, MANKATO, MN 56001",
28363,"200 NORTH ELM ST, ONAMIA, MN 56359",
28364,"2042 JUNIPER AVENUE, SLAYTON, MN 56172",
28412,"300 SOUTH WASHINGTON AVENUE, 4TH FLOOR, GREENVILLE, MS 38701",
28418,"823 GRAND AVENUE, YAZOO CITY, MS 39194",
28419,"100 HOSPITAL STREET, BOONEVILLE, MS 38829",
28441,"1017 JACKSON AVENUE, LEAKESVILLE, MS 39451",
28447,"15 SOUTH 6TH STREET, BAY SPRINGS, MS 39422",
28470,"1937 BRIAR RIDGE ROAD, TUPELO, MS 38804",
28488,"5903 RIDGEWOOD ROAD, JACKSON, MS 39211",
28490,"2809 DENNY AVENUE, PASCAGOULA, MS 39581",
28559,"1000 EAST CHERRY ST, TROY, MO 63379",
28593,"4401 WORNALL ROAD, KANSAS CITY, MO 64111",
28603,"1200 NORTH ONE MILE ROAD, DEXTER, MO 63841",
28619,"630 WEST 3RD STREET, MILAN, MO 63556",
28623,"1000 E 24TH STREET, 2 CENTER, KANSAS CITY, MO 64108",
28638,"106 PARK E STREET, EKALAKA, MT 59324",
28676,"300 GARNET WAY, WARM SPRINGS, MT 59756",
28681,"100 HOSPITAL DRIVE, PENDER, NE 68047",
28706,"2601 NORTH SPRUCE ST, OGALLALA, NE 69153",
28755,"150 E HARMON AVENUE, LAS VEGAS, NV 89109",
28811,"254 PLEASANT STREET, CONCORD, NH 03301",
28815,"240 SOUTH MAIN STREET, WOLFEBORO, NH 03894",
28818,"452 OLD STREET ROAD, PETERBOROUGH, NH 03458",
28820,"105 CORPORATE DRIVE, PORTSMOUTH, NH 03801",
28828,"181 CORLISS LANE, COLEBROOK, NH 03576",
28840,"254 EASTON AVENUE, NEW BRUNSWICK, NJ 08901",
28851,"200 TRENTON ROAD, BROWNS MILLS, NJ 08015",
28868,"355 GRAND STREET, JERSEY CITY, NJ 07302",
28895,"100 MEDICAL CENTER WAY, SOMERS POINT, NJ 08244",
28902,"19 PROSPECT ST, SUMMIT, NJ 07901",
29037,"1101 NOTT STREET, SCHENECTADY, NY 12308",
29195,"1300 HOSPITAL LOOP, BELCOURT, ND 58316",
29211,"10 NORTH RIVER ROAD, FORT YATES, ND 58538",
29240,"13207 RAVENNA ROAD, CHARDON, OH 44024",
29282,"1730 WEST 25TH STREET, CLEVELAND, OH 44113",
29355,"2351 EAST 22ND STREET, 7TH FLOOR, CLEVELAND, OH 44115",
29377,"7700 UNIVERSITY DRIVE, WEST CHESTER, OH 45069",
29416,"597 EXECUTIVE CAMPUS DRIVE, WESTERVILLE, OH 43082",
29454,"1202 NORTH MUSKOGEE PLACE, CLAREMORE, OK 74017",
29471,"1011 14TH AVENUE NW, ARDMORE, OK 73401",
29475,"1400 E DOWNING ST, TAHLEQUAH, OK 74464",
29477,"15103 N PENNSYLVANIA AVE, EDMOND, OK 73013",
29482,"700 NE 13TH STREET, OKLAHOMA CITY, OK 73104",
29483,"3219 SOUTH 79TH EAST AVENUE, TULSA, OK 74145",
29487,"10501 EAST 91ST STREET SOUTH, TULSA, OK 74133",
29490,"3524 NORTHWEST 56TH STREET, OKLAHOMA CITY, OK 73112",
29508,"1004 EAST BRYAN, SAPULPA, OK 74066",
29518,"523 EAST STATE ROAD, FAIRVIEW, OK 73737",
29539,"3701 EAST MAIN, WEATHERFORD, OK 73096",
29549,"10020 E 91ST STREET, TULSA, OK 74133",
29553,"1011 14TH AVE NW, ARDMORE, OK 73401",
29556,"1120 SOUTH UTICA AVENUE, TULSA, OK 74014",
29558,"1400 EAST DOWNING STREET, TAHLEQUAL, OK 74464",
29628,"567 S State St, Jackson, MS 39201",
29629,"100 W Capitol St, Jackson, MS 39269",
29689,"207 Main Ave, Nitro, WV 25143",
29697,"5600 Crooks Rd, Troy, MI 48098",
29726,"5600 CROOKS RD, TROY, MI 48098",
29803,"5000 Ellin Rd Rm c1-100, Lanham, MD 20706",
29863,"1101 9th Ave SE, Watertown, SD 57201",
29872,"7741 TUCKERMAN LN, POTOMAC, MD 20854",
29889,"2201 PILLSBURY RD STE 192, CHICO, CA 95926",
29900,"6 LYNAM ST, WILMINGTON, DE 19804",
29950,"2793 Noblestown Rd, Pittsburgh, PA 15205",
29975,"3033 SW College Rd, Ocala, FL 34474",
29984,"1339 119th St, Whiting, IN 46394",
30031,"400 N BLUE RIBBON AVE, Harrisburg, PA 17112",
30034,"621 E 8th St, Anderson, IN 46012",
30053,"1440 Dunn Ave, Jacksonville, FL 32218",
30054,"950 Blanding Blvd, Orange Park, FL 32065",
30085,"1720 N Main St, Anderson, SC 29621",
30153,"39 quail st, albany, NY 12206",
30237,"16 New Scotland Ave, Albany, NY 12208",
30359,"145 Pleasant Hill Rd, Scarborough, ME 04074",
30362,"340 Main St, South Portland, ME 04106",
30378,"1415 State St, Richardson, TX 75082",
30404,"3030 Demers Ave, Grand Forks, ND 58201",
30409,"6011 Baptist Rd Ste 200, Pittsburgh, PA 15236",
30448,"1255 Saint Matthews Rd, Orangeburg, SC 29115",
30471,"3001 Jacks Run Rd, White Oak, PA 15131",
30519,"111 The Parkway, Greenville, SC 29615",
30544,"2522 4th Ave N, Billings, MT 59101",
30564,"1 Cantley Dr, Charleston, WV 25314",
30650,"6007 Relocation Way, Ooltewah, TN 37363",
30665,"1507 Broomtown Rd, La Fayette, GA 30728",
30667,"510 E Lantrip St, Kilgore, TX 75662",
30693,"26155 EUCLID AVE, euclid, OH 44132",
30716,"18450 Showalter Rd Ste 100, Hagerstown, MD 21742",
30732,"3140 George Washington Memorial Hwy, Hayes, VA 23072",
30733,"5220 Monticello Ave, Williamsburg, VA 23188",
30765,"13 Barbara Ln, Stafford Springs, CT 06076",
30799,"321 W Birch St, Glenrock, WY 82637",
30883,"1335 Linden Ave, Halethorpe, MD 21227",
30896,"25 W Kamehameha Ave, Kahului, HI 96732",
30906,"2226 Young St, Honolulu, HI 96826",
30913,"1001 Kamokila Blvd Ste 104, Kapolei, HI 96707",
30983,"1122 7TH AVE, HUNTINGTON, WV 25701",
31011,"1617 DILLINGHAM BLVD, HONOLULU, HI 96817",
31018,"801 S Beretania St, Honolulu, HI 96813",
31027,"770 Kapiolani Blvd Ste 514, Honolulu, HI 96813",
31070,"585 Port Royal St, Honolulu, HI 96818",
31095,"2 Wall St, Albany, NY 12205",
31209,"28 Rising Sun Town Ctr, Rising Sun, MD 21911",
31238,"479 N Pike Rd, Sarver, PA 16055",
31240,"55 S Washington Ave, Greensburg, PA 15601",
31241,"400 Frankfort Rd, Monaca, PA 15061",
31266,"2413 S 4th St W, Missoula, MT 59801",
31285,"1928 Genesee St, Utica, NY 13502",
31291,"7135 Windsor Blvd, Baltimore, MD 21244",
31325,"60 Painters Mill Rd, Owings Mills, MD 21117",
31331,"65 state st, Auburn, NY 13021",
31340,"1421 N Meadowwood Ln, Liberty Lake, WA 99019",
31399,"270 Lahainaluna Rd, Lahaina, HI 96761",
31421,"8050 S KING DR, Chicago, IL 60619",
31492,"113 Ennerdale Ln, Pittsburgh, PA 15237",
31504,"1 campus dr, parsippany, NJ 07054",
31537,"5001 E 91st St, Tulsa, OK 74137",
31550,"4923 Edgmont Ave, Brookhaven, PA 19015",
31575,"971 Kenmore Ave, Buffalo, NY 14217",
31605,"901 Baltimore Pike, Glen Mills, PA 19342",
31611,"36 W Ridge Pike Ste 101, Limerick, PA 19468",
31615,"1033 Main St, Wampum, PA 16157",
31641,"501 S Johnstone Ave, Bartlesville, OK 74003",
31655,"6649 Black Horse Pike, Egg Harbor Twp, NJ 08234",
31758,"600 W 3rd Ave N, Aurora, MN 55705",
31763,"327 Ridge Point Cir, Bridgeville, PA 15017",
31784,"6801 Industrial Rd, Springfield, VA 22151",
31792,"1056 By Pass Rd, Vinton, VA 24179",
31795,"700 Technology Sq, Cambridge, MA 02139",
31858,"18 2nd east, Culbertson, MT 59218",
31888,"5160 Husky Hwy, Mannington, WV 26582",
31917,"1201 W I 35 Frontage Rd, Edmond, OK 73034",
31941,"25368 State Highway 39, Shell Knob, MO 65747",
32014,"3333 Aroostook Rd, Eagle Lake, ME 04739",
32016,"738 Main St, Presque Isle, ME 04769",
32046,"410 Oak St, Nezperce, ID 83543",
32076,"123 S Lincoln Rd, Escanaba, MI 49829",
32084,"71 Calef Hwy, Lee, NH 03861",
32096,"7325 W 33rd St N, Wichita, KS 67205",
32133,"1605 Old Route 18, Wampum, PA 16157",
32274,"416 Main St, Huntington, WV 25702",
32289,"4400 S Lake Dr, Texarkana, TX 75501",
32302,"4714 W 7th St, Wake Village, TX 75501",
32307,"1004 Pacific Ave, Hood River, OR 97031",
32381,"1445 Mexico Way NE, Roanoke, VA 24012",
32439,"1655 W BEARDSLEY AVE, ELKHART, IN 46514",
32454,"201 State Route 34, Colts Neck, NJ 07722",
32457,"125 Webster Dr, Ashdown, AR 71822",
32682,"501 3rd Pl, Manhattan, KS 66502",
32709,"101 Herbert Dr, Boydton, VA 23917",
32744,"100 Corporate Dr, Stafford, VA 22554",
32781,"3501 Dolphin Dr, Gautier, MS 39553",
32796,"855 N Lemoore Ave, Lemoore, CA 93245",
32868,"5325 WALL ST, MADISON, WI 53718",
32973,"13493 Hull Street Rd, Midlothian, VA 23112",
32974,"2720 25th Ave, Gulfport, MS 39501",
33043,"2600 Anderson Ave, Manhattan, KS 66502",
33108,"2077 MAIN STREET, OAKLEY, CA 94561",
33201,"102 NORTH 1200 EAST, LEHI, UT 84043",
33209,"1702 SOUTH 1100 EAST, SALT LAKE CITY, UT 84105",
33223,"1807 WEST CRAIG ROAD, NORTH LAS VEGAS, NV 89032",
33418,"3841 LEEDS AVE, NORTH CHARLESTON, SC 29405",
33459,"7150 HIGHLAND DRIVE, PITTSBURGH, PA 15206",
33478,"13 W WASHINGTON ST, ATHENS, OH 45701",
33508,"406 N HIGH ST, ANAMOSA, IA 52205",
33526,"222 QUAKER LANE, WARWICK, RI 02886",
33579,"21554 W 9000 S, DUCHESNE, UT 84021",
33596,"835 E 300 N, RICHFIELD, UT 84701",
33725,"1631 DIVISION AVE EAST, EPHRATA, WA 98823",
33732,"4350 HEADQUARTERS RD, CHARLESTON, SC 29405",
33779,"1204 REED DR, LOCKHART, TX 78644",
33794,"210 S 7TH ST, ALBION, IN 46701",
33828,"2640 DUNCAN RD, LAFAYETTE, IN 47904",
33833,"1905 INDIANAPOLIS AVE, LEBANON, IN 46052",
33854,"31 PETTICOAT LN, ANNANDALE, NJ 08801",
33863,"201 EAST 5TH STREET, DALHART, TX 79022",
33929,"112 ALCORN AVE, HATTIESBURG, MS 39401",
33934,"1030 WEST GIRARD AVENUE, CEDARTOWN, GA 30125",
33949,"7005 SONYEA RD, SONYEA, NY 14556",
33957,"105 WEST RUTLEDGE STREET, YATES CENTER, KS 66783",
33962,"226 SOUTH BEECH ST, OTTAWA, KS 66067",
33972,"316 WASHINGTON ST, WENATCHEE, WA 98801",
34004,"7117 VENTURE LN, FT. WAYNE, IN 46818",
34056,"516 3RD AVE, SEATTLE, WA 98104",
34099,"220 HODGE ROAD, SUMMERVILLE, SC 29483",
34114,"50 E SPRUCE ST, CHIPPEWA FALLS, WI 54729",
34128,"149 COUNTY ROAD 517, IGNACIO, CO 81137",
34163,"1001 29TH AVENUE SOUTHWEST, CEDAR RAPIDS, IA 52404",
34165,"245 OSAGE DR, OTTUMWA, IA 52501",
34190,"114 NORTH 6TH STREET, ESTHERVILLE, IA 51334",
34201,"215 AVE EAST, BEAVER, OK 73932",
34235,"1050 EAST SR 322, PIOCHE, NV 89042",
34273,"407 NORTH 8TH STREET, PHILADELPHIA, PA 19123",
34280,"323 NORTH 15TH STREET, CLARINDA, IA 51632",
34312,"500 YOUTH CENTER DRIVE, CALIENTE, NV 89008",
34336,"805 WASHINGTON ST, WHITEVILLE, NC 28472",
34443,"201 E LARKIN ST, ATHENS, TX 75751",
34444,"13400 DILLE DR, UPPER MARLBORO, MD 20772",
34504,"101 RIDGE ST, ST GEORGE, SC 29477",
34515,"500 5TH AVE, SEATTLE, WA 98104",
34520,"65 BUSINESS PARK DRIVE, TROY, MO 63379",
34576,"1449 N FORK RD, BLACK MOUNTAIN, NC 28711",
34648,"235 E 3RD ST, HEREFORD, TX 79045",
34683,"15151 STATE HWY 39, LEXINGTON, OK 73051",
34751,"44 SCHOOLHOUSE LOOP RD, NESPELEM, WA 99155",
34755,"900 9TH AVENUE, COUNCIL BLUFFS, IA 51501",
34768,"500 E BROADWAY, FAIRVIEW, OK 73737",
34913,"108 SOUTH COURT ST, LURAY, VA 22835",
34924,"104 LIBERTY STREET, EVERGREEN, AL 36401",
34928,"6104 COUNTY DR, DISPUTANTA, VA 23842",
34930,"301 EAST KOOTENAI AVENUE, TROY, MT 59935",
34961,"1000 BROAD ST, BEDFORD, VA 24523",
34977,"22336 MAIN ST, COURTLAND, VA 23837",
34986,"403 SOUTH LAMINE AVENUE, SEDALIA, MO 65301",
35094,"715 5TH AVENUE, HOLDREGE, NE 68949",
35154,"1001 CENTRE WAY, CHARLESTON, WV 25309",
35204,"1013 LAKELAND DRIVE NE, WILLMAR, MN 56201",
35212,"1400 DALE BUMPERS ROAD, FORREST CITY, AR 72335",
35299,"2019 WISCONSIN ST, STURTEVANT, WI 53177",
35314,"7206 WEST 7TH AVE, PINE BLUFF, AR 71603",
35376,"180 S MACY STREET, FOND DU LAC, WI 54935",
35382,"30 N 3RD ST, BLACK RIVER FALLS, WI 54615",
35398,"1522 PRISON RD, DILLWYN, VA 23936",
35400,"301 WASHINGTON ST, OCONTO, WI 54153",
35412,"930 FLEMING AVENUE, JACKSON, MI 49202",
35440,"201 FCI LANE, GLENVILLE, WV 26351",
35447,"703 8TH AVE, SEATTLE, WA 98104",
35491,"9601 BUJACICH RD NW, GIG HARBOR, WA 98332",
35552,"205 W 5TH AVE, ELLENSBURG, WA 98926",
35583,"16550 177TH AVE SE, MONROE, WA 98272",
35603,"210 N MONROE ST, VERSAILLES, IN 47042",
35613,"201 CHERRY ST, TERRE HAUTE, IN 47807",
35712,"300 TECHNOLOGY DR, STAUNTON, VA 24401",
35733,"307 CRAFT DR, WINSTON-SALEM, NC 27105",
35847,"809 COURT AVE, POPLAR, MT 59255",
35914,"2144 KOTA STREET, WARM SPRINGS, OR 97761",
35922,"17601 MOUND RD, DETROIT, MI 48212",
35936,"6246 160TH ST NW, CASS LAKE, MN 56633",
35948,"696 MUCKERMAN RD, BENNETTSVILLE, SC 29512",
35972,"1936 CRAIG PLACE, MAPLEWOOD, MN 55109",
36084,"9351 RAYNE RD, STURTEVANT, WI 53177",
36100,"1800 HARMON AVE, COLUMBUS, OH 43223",
36140,"570 E NATOMA ST, REPRESA, CA 95671",
36203,"16809 PEORIA FLAT ROAD, JAMESTOWN, CA 95327",
36208,"150 MICHIGAN AVENUE, OROFINO, ID 83544",
36213,"224 WEST MAIN STREET, DUBOIS, ID 83423",
36257,"222 CEDAR AVENUE NORTHWEST, CASS LAKE, MN 56633",
36394,"1000 UNIVERSITY DRIVE SOUTHWEST, WASECA, MN 56093",
36396,"55 E STATE RD 46, NASHVILLE, IN 47448",
36416,"7545 4TH AVENUE, LINO LAKES, MN 55014",
36471,"1000 VAN NUYS RD, NEW CASTLE, IN 47362",
36477,"210 LONGBRIDGE ROAD, HELENA, GA 31037",
36494,"859 ROCKYFORD ROAD, SYLVANIA, GA 30467",
36500,"2030 NEWTON ROAD, ALBANY, GA 31701",
36506,"95 PUBLIC SAFETY WAY, PEMBROKE, GA 31321",
36525,"714 GUMLOG ROAD, SWAINSBORO, GA 30401",
36625,"6000 STATE RD, MEMPHIS, TN 38134",
36726,"900 INDUSTRIAL DR, HENDERSON, TX 75652",
36828,"516 HILLCREST DRIVE, BRANDENBURG, KY 40108",
36835,"300 HAIL KNOB RD, SOMERSET, KY 42503",
36867,"107 W IRVINE ST, RICHMOND, KY 40475",
36906,"639 FORT ST, BUFFALO, WY 82834",
36908,"1302 E DALEY ST, RAWLINS, WY 82301",
36923,"100 N 10TH ST, WORLAND, WY 82401",
36925,"40 HONOR FARM RD, RIVERTON, WY 82501",
36987,"20511 COUNTY ROAD 12, FOLEY, AL 36535",
36988,"1503 MAIN ST, DAPHNE, AL 36526",
36994,"4242 HWY 29, ONEONTA, AL 35121",
37009,"300 PIERCE ST, EVERGREEN, AL 36401",
37028,"156 S 9TH ST, GADSDEN, AL 35901",
37075,"7290 WHITESBURG DR SW, HUNTSVILLE, AL 35802",
37090,"220 HICKS INDUSTRIAL BLVD, UNION SPRINGS, AL 36089",
37094,"8650 TANNER WILLIAMS RD, MOBILE, AL 36608",
37115,"1355 CHULA VISTA DR, PELL CITY, AL 35125",
37120,"154 VICTORY DR, PELL CITY, AL 35125",
37132,"340 ASHLEY ST, CAMDEN, AL 36726",
37209,"4325 FORT APACHE RD, WHITERIVER, AZ 85941",
37263,"250 WARNOCK SPRINGS RD, MAGNOLIA, AR 71753",
37266,"3824 CASEY SPRINGS RD, JONESBORO, AR 72404",
37268,"500 E GERMAN LN, CONWAY, AR 72032",
37664,"300 FISCHER AVE, COSTA MESA, CA 92626",
37762,"13732 CLINTON ST, GARDEN GROVE, CA 92843",
37850,"670 COLLEGE ST, HOLLISTER, CA 95023",
37858,"130 TENNESSEE ST, REDLANDS, CA 92373",
37912,"1765 PENTECOST WAY, SAN DIEGO, CA 92105",
38009,"2400 W BURBANK BLVD, BURBANK, CA 91506",
38151,"1530 WILMINGTON BLVD, WILMINGTON, CA 90744",
38156,"5210 E LOS COYOTES DIAGONAL, LONG BEACH, CA 90815",
38499,"3435 BIRCHWOOD LN, SAN JOSE, CA 95132",
38589,"1717 ARCANE ST, SIMI VALLEY, CA 93065",
38632,"635 W GARDEN ST, PENSACOLA, FL 32502",
38673,"4685 MEADOWVIEW RD, MARIANNA, FL 32446",
38778,"4246 W 12TH AVE, HIALEAH, FL 33012",
38823,"12201 SW 26TH ST, MIAMI, FL 33175",
38861,"5801 SW 120 AVE, MIAMI, FL 33183",
38922,"1450 S ORLANDO AVE, MAITLAND, FL 32751",
38977,"345 10TH ST NE, ATLANTA, GA 30309",
38983,"3366 MOUNT OLIVE RD, EAST POINT, GA 30344",
39015,"1239 BRASELTON HWY, LAWRENCEVILLE, GA 30043",
39064,"3679 STEAM MILL RD, COLUMBUS, GA 31906",
39089,"640 PUUHALE RD, HONOLULU, HI 96819",
39100,"2445 KAALA ST, HONOLULU, HI 96822",
39103,"872 MISSION LN, HONOLULU, HI 96813",
39104,"3400 MOANALUA RD, HONOLULU, HI 96819",
39105,"1754 LUSITANA ST, HONOLULU, HI 96813",
39109,"1887 MAKUAKANE ST, HONOLULU, HI 96817",
39110,"1611 CALIFORNIA AVE, WAHIAWA, HI 96786",
39137,"270 AAPUEO PKWY, MAKAWAO, HI 96768",
39145,"520 ONE ST, KAHULUI, HI 96732",
39166,"378 EMERSON LN, BONNERS FERRY, ID 83805",
39284,"2189 W BOWLER ST, CHICAGO, IL 60612",
39336,"3021 W DEVON AVE, CHICAGO, IL 60659",
39374,"5235 S CORNELL AVE, CHICAGO, IL 60615",
39409,"808 LINDEN AVE, WILMETTE, IL 60091",
39481,"9320 S 55TH CT 1, OAK LAWN, IL 60453",
39530,"7720 JANES AVE, WOODRIDGE, IL 60517",
39568,"15606 LOG CABIN RD, EWING, IL 62836",
39748,"361 ROSE VALLEY SCHOOL RD, DOVER, DE 19904",
39751,"281 BLUE HERON RD, DOVER, DE 19904",
39756,"310 W 6TH ST, WILMINGTON, DE 19801",
39760,"2001 N WASHINGTON ST, WILMINGTON, DE 19802",
39763,"720 MARSH RD, WILMINGTON, DE 19803",
39776,"491 S HARMONY RD, NEWARK, DE 19713",
39778,"6201 KENNETT PIKE, WILMINGTON, DE 19807",
39785,"2813 W 17TH ST, WILMINGTON, DE 19806",
39793,"129 W 4TH ST, LEWES, DE 19958",
39889,"5300 SW 40TH AVE, FORT LAUDERDALE, FL 33314",
40107,"2025 STATE ROAD 436, WINTER PARK, FL 32792",
40175,"905 HIGH ST, MACON, GA 31201",
40178,"8460 HAWKINSVILLE RD, MACON, GA 31216",
40227,"4301 WHEELER RD, AUGUSTA, GA 30907",
40292,"1610 WOODSTOCK RD, ROSWELL, GA 30075",
40332,"617 J C ST, GARDEN CITY, KS 67846",
40338,"900 OLD MAIN ST, NEWTON, KS 67114",
40387,"110 W OTIS AVE, SALINA, KS 67401",
40388,"139 S MILLWOOD ST, WICHITA, KS 67213",
40420,"1725 NE SEWARD AVE, TOPEKA, KS 66616",
40484,"4017 FREDERICA ST, OWENSBORO, KY 42301",
40522,"3175 LEXINGTON RD, LOUISVILLE, KY 40206",
40535,"5101 US HIGHWAY 42, LOUISVILLE, KY 40241",
40565,"2131 LANCASHIRE AVE, LOUISVILLE, KY 40205",
40609,"130 N MAIN ST, MONTICELLO, KY 42633",
40616,"6388 N 1050 W, ETNA GREEN, IN 46524",
40646,"680 EVERGREEN RD, CROWNSVILLE, MD 21032",
40655,"700 ACADEMY RD, BALTIMORE, MD 21228",
40663,"407 CENTRAL AVE, REISTERSTOWN, MD 21136",
40711,"12022 JERUSALEM RD, KINGSVILLE, MD 21087",
40891,"3040 ARLENE ST, PORTAGE, IN 46368",
40962,"1608 305TH ST, TAMA, IA 52339",
41051,"1600 S KOFA AVE, PARKER, AZ 85344",
41134,"9000 FM 1854, DALE, TX 78616",
41147,"28748 386TH AVE, LAKE ANDES, SD 57356",
41176,"1994 COUGAR DRIVE, PAVILLION, WY 82523",
41216,"240 N A STREET, BUCKLEY, WA 98321",
41239,"12612 FOG LIGHT WAY, BRISTOW, VA 20136",
41277,"2065 HIGH ST, YORK, PA 17408",
41288,"1000 CIRCLE DR, ESKDALE, UT 84728",
41293,"300 S BROADWAY, MANITOU, OK 73555",
41309,"2525 MURWORTH, HOUSTON, TX 77054",
41325,"1512 WHITE OAK CHURCH RD, APEX, NC 27523",
41405,"303 MCKEE STREET, STARKVILLE, MS 39759",
41411,"450 JOE STEVENS ROAD, CEDAR BLUFF, MS 39741",
41415,"3419 NEW HOPE ROAD, COLUMBUS, MS 39702",
41435,"470 MAIN ST, MACY, NE 68039",
41457,"7401 WESTCHESTER DR, BELLEVILLE, IL 62223",
41487,"25 EAST 50 SOUTH SUITE A, MALAD CITY, ID 83252",
41489,"10 SOUTH 10TH STREET, MINNEAPOLIS, MN 55403",
41505,"1328 S COLLEGIATE DR, WILKESBORO, NC 28697",
41526,"170 WEST SPRING CREEK PARKWAY, PROVIDENCE, UT 84332",
41546,"10785 TRIANA PKWY, HELOTES, TX 78023",
41572,"5650 N MOZART ST, CHICAGO, IL 60659",
41610,"350 S 118TH AVE, AVONDALE, AZ 85323",
41668,"1865 WICKLAND DR, LEXINGTON, KY 40505",
41675,"6401 W HWY 146, CRESTWOOD, KY 40014",
41690,"5200 LACKAWANNA BOULEVARD, NORTH CHARLESTON, SC 29405",
41724,"204 CAMERON RD, RICE LAKE, WI 54868",
41734,"4495 SIMPSON RD, FOREST PARK, GA 30297",
41744,"1200 CHURCH AVENUE SE, JACKSONVILLE, AL 36265",
41800,"15250 SW EIGHTH ST, MIAMI, FL 33194",
41826,"2940 NORTH HIGHWAY 25W, WILLIAMSBURG, KY 40769",
41839,"1202 W GRANT ST, PLANT CITY, FL 33563",
41879,"10 NORTH SANDY SPRINGS RD, ZUNI, NM 87327",
41892,"945 W MAIN ST, MOUNT VERNON, KY 40456",
41947,"200 SCHOOL LN, HILTON, NY 14468",
41960,"600 N TENTH ST, BLYTHEVILLE, AR 72315",
41966,"7456 WILMERGEORGETOWN RD, WILMER, AL 36587",
42059,"5320 REBECCA DR, FORT WAYNE, IN 46835",
42065,"2741 CRAVENS AVENUE, OWENSBORO, KY 42301",
42071,"411 COLLEGE ST NE, LACEY, WA 98516",
42174,"8432 MAIN STREET, ALTENBURG, MO 63732",
42180,"206 SOUTH D STREET, SERGEANT BLUFF, IA 51054",
42191,"25811 156TH AVE SE, COVINGTON, WA 98042",
42216,"301 NE 3RD ST, RENVILLE, MN 56284",
42250,"1535 EVERETT AVE, DES PLAINES, IL 60018",
42308,"510 3RD AVE NORTH, OXFORD JUNCTION, IA 52323",
42354,"19019 UPPER BELMONT PLACE, LEESBURG, VA 20176",
42372,"312 CANTRIL STREET STE 101, CASTLE ROCK, CO 80104",
42426,"802 ANNE ST, GRIFFIN, GA 30224",
42436,"57700 GRATIOT AVE, NEW HAVEN, MI 48048",
42484,"2355 YOLANDA AVE, SPRINGFIELD, OR 97477",
42574,"994 S MAIN ST, BALTIMORE, OH 43105",
42612,"1202 S 76TH ST, TACOMA, WA 98408",
42625,"1203 ST CLAIRE ST, MISSION, TX 78572",
42663,"5121 FRIERSON ROAD, SHAW AIR FORCE BASE, SC 29152",
42682,"1 HORNET AVENUE, INCHELIUM, WA 99138",
42686,"1306 S RIDGE RD, GREEN BAY, WI 54304",
42751,"1008 COUNTY RD, BRUNSWICK, MO 65236",
42778,"170 GATES AVE, BROOKLYN, NY 11238",
42789,"220 AMHERST AVE, SHEBOYGAN FALLS, WI 53085",
42820,"4751 S COUNTY ROAD F, MAPLE, WI 54854",
42829,"2 HORNET AVENUE, INCHELIUM, WA 99138",
42847,"2400 LINDBERGH DR, MINNETONKA, MN 55305",
42907,"4700 ARIZONA AVE NE, SALEM, OR 97305",
42928,"400 4TH AVENUE WEST, POPLAR, MT 59255",
42977,"815 N GILBERT RD, MESA, AZ 85203",
43016,"1355 NORTH 22ND, LARAMIE, WY 82072",
43027,"1012 CONGAREE DRIVE, FLORENCE, SC 29501",
43041,"901 MAYBEURY DR, RICHMOND, VA 23229",
43069,"31578 HURON RIVER DR, NEW BOSTON, MI 48164",
43071,"1050 160TH AVENUE SE, BELLEVUE, WA 98008",
43087,"385 OBRIEN RD, PORT ANGELES, WA 98362",
43104,"8709 N STATE RD 121, NEOLA, UT 84053",
43127,"714 12TH STREET SW, BIRMINGHAM, AL 35211",
43190,"242 CHURCH ST, NAYTAHWAUSH, MN 56566",
43215,"306 EAST PINE STREET, KOOSKIA, ID 83539",
43240,"13 SCHOOL RD, PENASCO, NM 87553",
43272,"8501 POST OAK ROAD, POTOMAC, MD 20854",
43291,"4400 MAKA RD, KALAHEO, HI 96741",
43319,"2500 KENMOOR DR, LANDOVER, MD 20785",
43327,"208 CENTRAL AVE NW, CASS LAKE, MN 56633",
43331,"5800 E 3000 NORTH RD, STREATOR, IL 61364",
43334,"590 HWY 431, FAIRFIELD, MT 59436",
43405,"65560 SR 15, GOSHEN, IN 46526",
43478,"915 HAZEL ST, OSHKOSH, WI 54901",
43507,"404 PARK STREET, OSKALOOSA, KS 66066",
43556,"1700 305TH AVE, CAMBRIDGE, MN 55008",
43587,"510 NORTH FIRST STREET, RIVERTON, WY 82501",
43589,"720 WEST JACKSON AVENUE, RIVERTON, WY 8250155000100280","2854 ROSEANN LN GREEN TOWNSHIP, OH 45239"
43624,"501 BULLDOG LOOP, GREENWOOD, AR 72936",
43649,"100 WEST MISPILLION STREET, HARRINGTON, DE 19952",
43689,"12680 H G TRUEMAN RD, LUSBY, MD 20657",
43695,"1401 KAUFFMAN RD, POTTSTOWN, PA 19464",
43806,"938 S KIBLER ST, NEW WASHINGTON, OH 44854",
43820,"5115 N 208TH ST, ELKHORN, NE 68022",
43861,"2801 GENERAL RONALD BUCKLEY AV, ELK CITY, OK 73644",
43894,"301 W CAMP WISDOM RD, DALLAS, TX 75232",
43929,"39 SOUTH FIELDING STREET, PARIS, ID 83261",
43941,"11770 W ALIANA TRACE DR, RICHMOND, TX 77407",
43974,"1401 NORTHWEST BESSIE AVENUE, LAWTON, OK 73507",
44004,"12606 E MAIN ST, MAYER, AZ 86333",
100040270,"2085 AUTUMNHILL CT CINCINNATI, OH 45230",
100050097,"6254 CRESTVIEW PL CINCINNATI, OH 45230",
200030031,"6522 WALDORF PL CINCINNATI, OH 45230",
1900020125,"1338 HERLIN PL CINCINNATI, OH 45208",
2200040012,"1307 DILLON AV CINCINNATI, OH 45208",
2400030126,"4456 EASTERN AV CINCINNATI, OH 45226",
2800040021,verify,
3600040321,"4514 WHETSEL AV CINCINNATI, OH 45227",
3700030043,"6406 ROE ST CINCINNATI, OH 45227",
4000020104,"3751 HYDE PARK AV CINCINNATI, OH 45209",
4100010010,"3611 SHAW AV CINCINNATI, OH 45208",
4100010061,"PO 12345 CINCINNATI, OH 45208",
4200020020,"3549 BURCH AV CINCINNATI, OH 45208",
5100020177,"4506 CAMBERWELL RD CINCINNATI, OH 45209",
5400040073,"3329 GRAYDON AV CINCINNATI, OH 45207",
5500060041,"2922 HACKBERRY ST CINCINNATI, OH 45206",
5800010049,"3518 HUDSON AV CINCINNATI, OH 45207",
7200020282,"1227 MARTIN DR CINCINNATI, OH 45202",
8800070090,"246 EARNSHAW AV CINCINNATI, OH 45219",
9000010083,"3333 BURNET AVE CINCINNATI, OH 45229",
9000010086,"3333 BURNET AVE SYRACUSE, NY 13206",
9400050062,"150 MULBERRY ST CINCINNATI, OH 45202",
9500050041,"2131 VINE ST CINCINNATI, OH 45202",
9800040154,"518 FORTUNE AV CINCINNATI, OH 45219",
9800060045,"407 SOUTHVIEW AV CINCINNATI, OH 45219",
11200020024,"630 GREENWOOD AV CINCINNATI, OH 45229",
11400020023,"3895 SPRING HOUSE LN CINCINNATI, OH 45217",
11500010197,"3876 VINE ST CINCINNATI, OH 45217",
11500070009,"3989 BEECHWOOD AV CINCINNATI, OH 45229",
11900010082,"1739 NORTHCUTT AV CINCINNATI, OH 45237",
12100020081,"5649 LAWNDALE PL CINCINNATI, OH 45212",
13100070229,"1922 CATALINA AV CINCINNATI, OH 45237",
14900120025,"2388 MARYLAND AV CINCINNATI, OH 45204",
16700020157,"7411 GRACELY DR CINCINNATI, OH 45233",
17900750148,"1236 SLIKER AV CINCINNATI, OH 45205",
17900750214,"1048 SUNSET AV CINCINNATI, OH 45205",
17900750537,"1292 MCKEONE AV CINCINNATI, OH 45205",
17900770440,"1029 RUTLEDGE AV CINCINNATI, OH 45205",
17900780057,"4056 VINEDALE AV CINCINNATI, OH 45205",
18000800026,"4736 GLENWAY AV CINCINNATI, OH 45238",
19200650054,"3708 TAPPAN AV CINCINNATI, OH 45223",
20200320176,"1553 KNOX ST CINCINNATI, OH 45214",
20200400358,"1637 PULTE ST CINCINNATI, OH 45225",
20300300018,"1655 WAVERLY AV CINCINNATI, OH 45214",
20400170164,"1842 WYOMING AV CINCINNATI, OH 45205",
21000730135,"3071 PENROSE PL CINCINNATI, OH 45211",
21100680080,"3114 MANNING AV CINCINNATI, OH 45211",
21200620068,"3201 STANHOPE AV CINCINNATI, OH 45211",
21200670036,"3324 ROBINET DR CINCINNATI, OH 45238",
21600460082,"222 E CENTRAL PKWY CINCINNATI, OH 45202",
22100190292,"4162 CHAMBERS ST CINCINNATI, OH 45223",
22500030012,"2385 MONTANA AV CINCINNATI, OH 45211",
23200020096,"6207 SAVANNAH AV CINCINNATI, OH 45224",
24500010135,"8423 DIXIE AV CINCINNATI, OH 45216",
24500060047,"28 WOODSDALE AV CINCINNATI, OH 45216",
24700050244,"7921 CHERRYWOOD CT CINCINNATI, OH 45224",
24700060285,"1135 WIONNA AV CINCINNATI, OH 45224",
24800010022,"3020 WEST TOWER AV CINCINNATI, OH 45238",
50000420115,"1692 TONOPAH DR ANDERSON TOWNSHIP, OH 45255",
50001440012,"8103 CABINET CIR ANDERSON TOWNSHIP, OH 45244",
50002200628,,
50002700262,"7085 JEANNIE AV ANDERSON TOWNSHIP, OH 45230",
50002810394,"6996 QUEENSWAY LN ANDERSON TOWNSHIP, OH 45230",
50003700268,"6296 CRITTENDEN DR ANDERSON TOWNSHIP, OH 45244",
50100100063,"5027 VILLAGE DR NEWTOWN, OH 45244",
50100130018,"3380 IVY HILLS BLVD NEWTOWN, OH 45244",
51000110447,"2537 RETFORD DR COLERAIN TOWNSHIP, OH 45231",
51000240123,"2740 GREENBROOK LN COLERAIN TOWNSHIP, OH 45251",
51000320424,"2609 MERRITTVIEW LN COLERAIN TOWNSHIP, OH 45231",
51000410420,"9982 DUNRAVEN DR COLERAIN TOWNSHIP, OH 45251",
51000420446,"2916 WILLOW RIDGE DR COLERAIN TOWNSHIP, OH 45251",
51000440160,"10056 STURGEON LN COLERAIN TOWNSHIP, OH 45251",
51000530339,"2595 CORNWALL DR COLERAIN TOWNSHIP, OH 45231",
51000700019,"3053 BANNING RD COLERAIN TOWNSHIP, OH 45239",
51000710151,"8145 BLANCHETTA DR COLERAIN TOWNSHIP, OH 45239",
51000730015,"7181 PIPPIN RD COLERAIN TOWNSHIP, OH 45239",
51000740315,"6691 ACRE DR COLERAIN TOWNSHIP, OH 45239",
51000810258,"3257 BLUEACRES DR COLERAIN TOWNSHIP, OH 45239",
51000810328,"6628 JULY CT COLERAIN TOWNSHIP, OH 45239",
51001010052,"3630 POOLE RD COLERAIN TOWNSHIP, OH 45251",
51001010270,"3657 VERNIER DR COLERAIN TOWNSHIP, OH 45251",
51001110141,"9858 CAPSTAN DR COLERAIN TOWNSHIP, OH 45251",
52001000061,"4342 ASHLEY OAKS DR COLUMBIA TOWNSHIP, OH 45227",
52001710431,"6634 MURRAY AV COLUMBIA TOWNSHIP, OH 45227",
52001720079,"6831 WINDWARD AV COLUMBIA TOWNSHIP, OH 45227",
52002140068,"5731 MONNING PL COLUMBIA TOWNSHIP, OH 45227",
52100020167,"2 MELISSA CT TERRACE PARK, OH 45174",
52500160078,"6639 APACHE CIR MADEIRA, OH 45243",
52500240012,"5687 WHETSEL AV MADEIRA, OH 45227",
52500250067,"6029 CHEROKEE DR MADEIRA, OH 45243",
52601100145,"5178 ROLLMAN ESTATES DR AMBERLEY VILLAGE, OH 45236",
52700100025,"6827 MT VERNON AV MARIEMONT, OH 45227",
52700200252,"3832 INDIANVIEW AV MARIEMONT, OH 45227",
53001000019,"10101 HAMILTON CLEVES RD CROSBY TOWNSHIP, OH 45030",
54000330120,"5056 FRANCISVIEW DR DELHI TOWNSHIP, OH 45238",
54000400362,"4993 DUEBBER DR DELHI TOWNSHIP, OH 45238",
54000420149,"335 GLEN OAKS DR DELHI TOWNSHIP, OH 45238",
54000600136,"5358 LILIBET CT DELHI TOWNSHIP, OH 45238",
54000630102,"775 IVYHILL DR DELHI TOWNSHIP, OH 45238",
54001200027,"6513 RAPID RUN RD DELHI TOWNSHIP, OH 45233",
54001200680,"905 BRAEMORE LN DELHI TOWNSHIP, OH 45233",
55000100212,"5585 FAIRWOOD RD GREEN TOWNSHIP, OH 45239",
55000100575,"3194 BALSAMRIDGE DR GREEN TOWNSHIP, OH 45239",
55000410216,"5153 RALPH AV GREEN TOWNSHIP, OH 45238",
55000410311,"5286 SIDNEY RD GREEN TOWNSHIP, OH 45238",
55000610256,"4331 BOUDINOT AV GREEN TOWNSHIP, OH 45211",
55000620224,"3490 CENTURION DR GREEN TOWNSHIP, OH 45211",
55000640056,"4370 AIRYMONT CT GREEN TOWNSHIP, OH 45211",
55000820460,"6076 LAGRANGE LN GREEN TOWNSHIP, OH 45239",
55001130165,"4072 SIMCA LN GREEN TOWNSHIP, OH 45211",
55001310120,"P.O. BOX 12345 GREEN TOWNSHIP, OH 45238",
55001610086,"5921 WERK RD GREEN TOWNSHIP, OH 45248",
55001810077,"4211 RACE RD GREEN TOWNSHIP, OH 45211",
55002010182,"5979 GAINES RD GREEN TOWNSHIP, OH 45247",
55002320075,"4019 EBENEZER RD GREEN TOWNSHIP, OH 45248",
55002320114,"6268 SPRINGMYER DR GREEN TOWNSHIP, OH 45248",
55002430015,"6595 BRIDGETOWN RD GREEN TOWNSHIP, OH 45248",
55002430066,"6673 POWNER FARM DR GREEN TOWNSHIP, OH 45248",
55002520302,"6215 KINGOAK DR GREEN TOWNSHIP, OH 45248",
55100070083,"4054 HARDING AV CHEVIOT, OH 45211",
55100130024,"4222 CHURCHVIEW LN CHEVIOT, OH 45211",
56000900081,"9960 CAROLINA TRACE RD HARRISON TOWNSHIP, OH 45030",
56100040040,"304 BROOKS LN HARRISON, OH 45030",
56100070246,"143 FLINTSTONE DR HARRISON, OH 45030",
57000100143,"7554 BUFFALO RIDGE RD MIAMI TOWNSHIP, OH 45002",
57000200016,"7547 BUFFALO RIDGE RD MIAMI TOWNSHIP, OH 45002",
57000500301,"7841 SURREYWOOD DR MIAMI TOWNSHIP, OH 45052",
57001700095,"3139 BRUNSMAN WY MIAMI TOWNSHIP, OH 45052",
57200070231,"23 TIMBERLINE CT CLEVES, OH 45002",
58200070157,"111 BANK AV SAINT BERNARD, OH 45217",
58200130279,"90 ANGELS WY SAINT BERNARD, OH 45217",
59001801015,"9620 PEPPER CIR SPRINGFIELD TOWNSHIP, OH 45231",
59002230110,"8774 CONSTANCE LN SPRINGFIELD TOWNSHIP, OH 45231",
59002310126,"1119 GARNOA DR SPRINGFIELD TOWNSHIP, OH 45231",
59002410156,"904 W MC KELVEY RD SPRINGFIELD TOWNSHIP, OH 45231",
59002500206,"10506 HADLEY RD SPRINGFIELD TOWNSHIP, OH 45218",
59002820347,"12065 HAZELHURST LN SPRINGFIELD TOWNSHIP, OH 45240",
59003710280,"9386 MONTORO DR SPRINGFIELD TOWNSHIP, OH 45231",
59003910105,"1882 ROOSEVELT AV SPRINGFIELD TOWNSHIP, OH 45240",
59003930243,"10572 FARMHILL CT SPRINGFIELD TOWNSHIP, OH 45231",
59004120073,"1696 CLAYBURN CIR SPRINGFIELD TOWNSHIP, OH 45240",
59004140168,unknown,
59100030081,"510 BRUNSWICK DR FOREST PARK, OH 45240",
59100080228,"11754 HAMLET RD FOREST PARK, OH 45240",
59100090241,"909 GRETNA LN FOREST PARK, OH 45240",
59100090432,"11528 GAFFNEY PL FOREST PARK, OH 45240",
59100120068,"11547 ISLANDALE DR FOREST PARK, OH 45240",
59400100515,"955 SCHUMARD AV LINCOLN HEIGHTS, OH 45215",
59500020243,"1532 SOUTHRIDGE LN NORTH COLLEGE HILL, OH 45231",
59500080299,"1947 STERLING AV NORTH COLLEGE HILL, OH 45239",
59600020095,"332 E SHARON RD GLENDALE, OH 45246",
59600100129,"11 ALBION LN GLENDALE, OH 45246",
59700800005,"2 BRADNOR PL GREENHILLS, OH 45218",
59900420081,"341 CHERRY ST SPRINGDALE, OH 45246",
59900700299,"850 CLEARFIELD LN SPRINGDALE, OH 45240",
60000110098,"11924 7TH AV SYCAMORE TOWNSHIP, OH 45249",
60000111194,"11961 1ST AV SYCAMORE TOWNSHIP, OH 45249",
60000140255,"12001 STILLWIND DR SYCAMORE TOWNSHIP, OH 45249",
60000930179,"5849 BAYBERRY DR SYCAMORE TOWNSHIP, OH 45242",
60001000117,"7401 KENNEDY LN SYCAMORE TOWNSHIP, OH 45242",
60002000130,"4133 TREBOR DR SYCAMORE TOWNSHIP, OH 45236",
60002110309,"6120 ST REGIS DR SYCAMORE TOWNSHIP, OH 45236",
60002310072,"8462 WICKLOW AV SYCAMORE TOWNSHIP, OH 45236",
60002320132,"4028 LIMERICK AV SYCAMORE TOWNSHIP, OH 45236",
60200080044,"4229 SIBLEY AV SILVERTON, OH 45236",
60300010229,"80 WEST ST MONTGOMERY, OH 45242",
60300050094,"8001 MONTE DR MONTGOMERY, OH 45242",
60300250056,"8831 WELLERSTATION DR MONTGOMERY, OH 45249",
60800010039,"3307 HAGEMAN AV SHARONVILLE, OH 45241",
60800050170,"3511 BEEKLEY WOODS DR SHARONVILLE, OH 45241",
60800070174,"10945 CONESTOGA CT SHARONVILLE, OH 45241",
60800100075,"4104 CARRIAGELITE DR SHARONVILLE, OH 45241",
60800300205,"5089 LORD ALFRED CT SHARONVILLE, OH 45241",
60800320302,"5462 VICTORIAN WY SHARONVILLE, OH 45241",
61100110179,"10261 FALLING WATERS LN EVENDALE, OH 45241",
61100800227,"9636 REXFORD DR EVENDALE, OH 45241",
61200600204,"9354 FLORAL AV BLUE ASH, OH 45242",
61200800338,"9500 RAVEN LN BLUE ASH, OH 45242",
61201110164,"17 CARPENTERS RIDGE RD BLUE ASH, OH 45241",
61201120040,"5 MUIRFIELD LN BLUE ASH, OH 45241",
61201400371,"5126 BRASHER AV BLUE ASH, OH 45242",
61201500517,"10960 E ALLENHURST BLVD BLUE ASH, OH 45241",
61201700308,"11174 JARDIN PL BLUE ASH, OH 45241",
62002010167,"8524 WHISPERWOODS LN SYMMES TOWNSHIP, OH 45249",
62100070171,"509 NAVAHO DR LOVELAND, OH 45140",
62100080047,"10 HIGHRIDGE DR LOVELAND, OH 45140",
62100210082,"106 PHEASANT WOODS CT LOVELAND, OH 45140",
62902310012,"9400 CUNNINGHAM RD INDIAN HILL, OH 45243",
65100040079,"5621 ALVINA AV NORWOOD, OH 45212",
65100080039,"5114 GLOBE AV NORWOOD, OH 45212",
65100110162,"2619 SHERIDAN DR NORWOOD, OH 45212",
65100400026,"3945 FOREST AV NORWOOD, OH 45212",
65100410066,"3917 CATHERINE AV NORWOOD, OH 45212",
65100410095,"3905 AVILLA PL NORWOOD, OH 45212",
65100520093,"4228 FRANKLIN AV NORWOOD, OH 45212",
67100040004,NA,
67100160157,"2152 BOLSER DR READING, OH 45215",
67100240229,foreign,
67100260206,"1325 FUHRMAN RD READING, OH 45215",
02040A150084,"1628 MINION AV CINCINNATI, OH 45205",